Name,Price,Rating,Image
"acer KB272 G0bi 27"" IPS Full HD (1920 x 1080) Gaming Office Monitor | Adaptive-Sync Support (FreeSync Compatible) | Up to 120Hz Refresh | 1ms (VRB) | sRGB 99% | Tilt | HDMI & VGA Ports",,4.6,https://m.media-amazon.com/images/I/71e5GgPXQzL._AC_UY218_.jpg
"KOORUI Gaming Monitor, 24"" Fast IPS Computer Monitor, 165Hz FHD Display, 1ms PC Screen, 99% sRGB Color Gamut, Adaptive Sync, Ultra Slim Frame, VESA Mountable (1920x1080P, HDMI, DisplayPort) 24E3",,4.4,https://m.media-amazon.com/images/I/71JdV8N-rXL._AC_UY218_.jpg
"acer KB272 G0bi 27"" IPS Full HD (1920 x 1080) Gaming Office Monitor | Adaptive-Sync Support (FreeSync Compatible) | Up to 120Hz Refresh | 1ms (VRB) | sRGB 99% | Tilt | HDMI & VGA Ports",,4.6,https://m.media-amazon.com/images/I/71e5GgPXQzL._AC_UY218_.jpg
"Philips 22 inch Class Thin Full HD (1920 x 1080) Monitor, 100Hz Refresh Rate, VESA, HDMI x1, VGA x1, LowBlue Mode, Adaptive Sync, 4 Year Advance Replacement Warranty, 221V8LB",,4.6,https://m.media-amazon.com/images/I/71RTruFctrL._AC_UY218_.jpg
"Sceptre New 27-inch Gaming Monitor 100Hz 1ms DisplayPort HDMI x2 100% sRGB AMD FreeSync Build-in Speakers, Eye Care Frameless Machine Black 2024 (E275W-FW100T)",,4.5,https://m.media-amazon.com/images/I/71jdr9u9YhL._AC_UY218_.jpg
"Amazon Basics 24-inch IPS Monitor 75 Hz Powered with AOC Technology FHD 1080P HDMI, Display Port and VGA Input VESA Compatible Built-in Speakers for Office and Home, Black",,4.5,https://m.media-amazon.com/images/I/810CEvWo8nL._AC_UY218_.jpg
"CRUA 24"" Curved Monitor, FHD (1920×1080) 2800R, 75Hz, 99% sRGB Computer Monitors, Thin Bezel, Blue Light Filter, Wall Mountable/Tilt Adjustable Desktop PC Monitors (HDMI, VGA) - Black",,4.5,https://m.media-amazon.com/images/I/71iPLBvHWNL._AC_UY218_.jpg
"Sceptre Curved 24-inch Gaming Monitor 1080p R1500 98% sRGB HDMI x2 VGA Build-in Speakers, VESA Wall Mount Machine Black (C248W-1920RN Series)",,4.6,https://m.media-amazon.com/images/I/71P0M7tKjYL._AC_UY218_.jpg
"Dell S2425HS Monitor - 23.8 Inch, FHD (1920x1080) Display, 100Hz Refresh Rate 1500:1 Contrast Ratio, TÜV Rheinland Eye Comfort 4 Star, Integrated 2x5W Speaker, Height/Tilt/Swivel/Pivot - Ash White",,4.7,https://m.media-amazon.com/images/I/710HmaQgX3L._AC_UY218_.jpg
"Acer SB240Y G0bi 23.8"" IPS Full HD Ultra-Slim Edge-to-Edge Gaming Office Monitor | Adaptive-Sync Support (FreeSync Compatible) | Up to 120Hz Refresh | 1ms (VRB) | Tilt | HDMI & VGA Ports | Black",,4.5,https://m.media-amazon.com/images/I/81aRnzRkLSL._AC_UY218_.jpg
"Sceptre 20"" 1600x900 75Hz Ultra Thin LED Monitor 2x HDMI VGA Built-in Speakers, Machine Black Wide Viewing Angle 170° (Horizontal) / 160° (Vertical)",,4.5,https://m.media-amazon.com/images/I/61oepG5Y2FL._AC_UY218_.jpg
"KOORUI 24 Inch Computer Monitor -FHD 1080P Gaming Monitor 165Hz VA 1ms, AdaptiveSync Technology, LED Monitors with Ultra-Thin, HDMI X2 /DP, VESA Compatible, Tilt Adjustable, Eye Care 24E4",,4.4,https://m.media-amazon.com/images/I/71ucxJRVNgL._AC_UY218_.jpg
"Samsung 27' T35F Series FHD 1080p Computer Monitor, 75Hz, IPS Panel, HDMI, VGA (D-Sub), AMD FreeSync, Wall Mountable, Game Mode, 3-Sided Border-Less, Eye Care, LF27T350FHNXZA",,4.5,https://m.media-amazon.com/images/I/71KH4jIuyCL._AC_UY218_.jpg
"SANSUI Monitor 24 Inch 100Hz PC Monitor, HDMI VGA Ports VESA Mount, FHD Computer Monitor Ultra-Slim Ergonomic Tilt Eye Care for Home Office (ES-24F2, HDMI Cable Included)",,4.3,https://m.media-amazon.com/images/I/71bpmLxsMQL._AC_UY218_.jpg
"KOORUI 24 Inch Computer Monitor, FHD 1080P Curved Gaming Monitor 165Hz VA 1800R Monitors with Ultra-Thin, HDMI X2 /DP, VESA Compatible, Tilt Adjustable, Eye Care",,4.4,https://m.media-amazon.com/images/I/71hblCTcMVL._AC_UY218_.jpg
"Sceptre Curved 27"" FHD 1080p 75Hz LED Monitor HDMI VGA Build-In Speakers, EDGE-LESS Metal Black 2019 (C275W-1920RN)",,4.6,https://m.media-amazon.com/images/I/61Gok3gx2SL._AC_UY218_.jpg
"USB C Docking Station Dual Monitor for Laptop, LIONWEI 14-in-1 USB-C Hub with Triple Display, 2 HDMI + VGA, Ethernet, 6 USB A/C 3.0/2.0, PD, SD/TF, Audio, USB C Dock for Surface/HP/Dell/Lenovo/MacBook",,4.2,https://m.media-amazon.com/images/I/71AxFvPoHVL._AC_UY218_.jpg
"LG 34WP60C-B 34-Inch 21:9 Curved UltraWide QHD (3440x1440) Gaming Computer Monitor with 160Hz sRGB 99% Color Gamut and HDR 10, AMD FreeSync Premium and 3-Side Virtually Borderless Screen Tilt,Black",,4.6,https://m.media-amazon.com/images/I/71xUGwGReSL._AC_UY218_.jpg
"SAMSUNG 34"" ViewFinity S50GC Series Ultra-WQHD Monitor, 100Hz, 5ms, HDR10, AMD FreeSync, Eye Care, Borderless Design, PIP, PBP, LS34C502GANXZA, 2023, Black",,4.3,https://m.media-amazon.com/images/I/71UaaLrlu9L._AC_UY218_.jpg
"SAMSUNG 24"" (S30GD) Essential Monitor with IPS Panel and Tilt Only Stand, 100Hz Refresh Rate, Ergonomic Design, Advanced Eye Care, Game Mode, LS24D304GANXZA",,4.4,https://m.media-amazon.com/images/I/61ReaNcCHwL._AC_UY218_.jpg
"Yxk Portable Monitor 15.6 Inch 1080P USB-C HDMI Ultra-Slim Travel Monitor with Kickstand, for Laptop, PC, Mac Phone, PS, Xbox, Swich IPS Ultra-Thin Zero Frame Gaming Monitor",,4.7,https://m.media-amazon.com/images/I/614w0p9HF4L._AC_UY218_.jpg
"INNOCN 49"" Curved Gaming Monitor 144Hz Ultrawide 32:9 WDFHD 3840 x 1080P, R1800, 99% sRGB, HDR400, USB Type C, DisplayPort, HDMI, Built-in Speakers, Height/Tilt Adjustable - 49C1G",,4.3,https://m.media-amazon.com/images/I/61Jf+2Fo+LL._AC_UY218_.jpg
"USB C Docking Station Dual Monitor for Laptop, LIONWEI 14-in-1 USB-C Hub with Triple Display, 2 HDMI + VGA, Ethernet, 6 USB A/C 3.0/2.0, PD, SD/TF, Audio, USB C Dock for Surface/HP/Dell/Lenovo/MacBook",,4.2,https://m.media-amazon.com/images/I/71AxFvPoHVL._AC_UY218_.jpg
"KOORUI Gaming Monitor, 24"" Fast IPS Computer Monitor, 165Hz FHD Display, 1ms PC Screen, 99% sRGB Color Gamut, Adaptive Sync, Ultra Slim Frame, VESA Mountable (1920x1080P, HDMI, DisplayPort) 24E3",,4.4,https://m.media-amazon.com/images/I/71JdV8N-rXL._AC_UY218_.jpg
"SANSUI Monitor 24 inch 100Hz IPS 1080P Computer Monitor HDMI VGA HDR Tilt Adjustable/VESA Compatible, for Game and Office (ES-24X3AL HDMI Cable Included)",,4.3,https://m.media-amazon.com/images/I/71HZcfwyonL._AC_UY218_.jpg
"acer SB270 G0bi 27"" IPS Full HD (1920 x 1080) Ultra-Thin Zero-Frame Gaming Office Monitor | Adaptive-Sync Support (FreeSync Compatible) | Up to 120Hz Refresh | 1ms (VRB) | Tilt | HDMI & VGA Ports",,4.5,https://m.media-amazon.com/images/I/81+fuMKCX3L._AC_UY218_.jpg
"Acer Nitro 27"" WQHD 2560 x 1440 PC Gaming IPS Monitor | AMD FreeSync Premium Up to 180Hz Refresh 0.5ms DCI-P3 95% 1 Display Port 1.2 & 2 HDMI 2.0 XV271U M3bmiiprx,Black",,4.4,https://m.media-amazon.com/images/I/81WcXnYjaFL._AC_UY218_.jpg
"Portable Monitor 15.6 Inch 1080P USB-C HDMI Ultra-Slim Travel Monitor with Kickstand, for Laptop, PC, Mac Phone, PS, Xbox, Swich IPS Ultra-Thin Zero Frame Gaming Monitor",,4.7,https://m.media-amazon.com/images/I/71FUhUOg+ZL._AC_UY218_.jpg
"SAMSUNG 27"" Essential S3 (S36GD) Series FHD 1800R Curved Computer Monitor, 100Hz, Game Mode, Advanced Eye Comfort, HDMI and D-sub Ports, LS27D366GANXZA, 2024",,4.5,https://m.media-amazon.com/images/I/61Qazt1iWcL._AC_UY218_.jpg
"Acer Nitro KG241Y Sbiip 23.8” Full HD (1920 x 1080) VA Gaming Monitor | AMD FreeSync Premium Technology | 165Hz Refresh Rate | 1ms (VRB) | ZeroFrame Design | 1 x Display Port 1.2 & 2 x HDMI 2.0,Black",,4.5,https://m.media-amazon.com/images/I/71yo3bmyBnL._AC_UY218_.jpg
SANSUI 27 Inch Curved Gaming Monitor 180Hz 1ms with Speakers FHD 1080P Computer Monitor FreeSync|1500R|130% sRGB|HDR|Low Blue Light|HDMI DP Ports|VESA Mount|Metal Stand(ES-G27C1 HDMI Cable Included),,4.4,https://m.media-amazon.com/images/I/714XKWYN+YL._AC_UY218_.jpg
"LG UltraGear QHD 27-Inch Gaming Monitor 27GL83A-B - IPS 1ms (GtG), with HDR 10 Compatibility, NVIDIA G-SYNC, and AMD FreeSync, 144Hz, Black",,4.5,https://m.media-amazon.com/images/I/81dAe2wXIqL._AC_UY218_.jpg
"WALI Triple Monitor Mount, 3 Monitor Stand Desk Mount with Premium Gas Spring Arm for Screens up to 27 inch, Mounting Holes 75x75 or 100x100 mm (GSDM003), Black",,4.4,https://m.media-amazon.com/images/I/61bcaMgvz1L._AC_UY218_.jpg
"Laptop Screen Extender, 15.6"" Portable Monitor, FHD 1080P IPS 360° Rotation Screen Triple Monitor Laptops, Removable Multi-Mode Monitor for 13”-17” Laptops Compatible with Mac/Wins/Android/Dex",,4.4,https://m.media-amazon.com/images/I/81CTihSUAyL._AC_UY218_.jpg
"LG 24MP60G-B 24"" Full HD (1920 x 1080) IPS Monitor with AMD FreeSync and 1ms MBR Response Time, and 3-Side Virtually Borderless Design - Black",,4.6,https://m.media-amazon.com/images/I/61UOBg5l56S._AC_UY218_.jpg
"ASUS TUF Gaming 23.8” 1080P Monitor (VG247Q1A) - Full HD, 165Hz (Supports 144Hz), 1ms, Extreme Low Motion Blur, Adaptive-sync, FreeSync Premium, Shadow Boost, Speakers, Eye Care, HDMI, DisplayPort",,4.7,https://m.media-amazon.com/images/I/71nlNZvtcYL._AC_UY218_.jpg
"ASUS TUF Gaming 24” (23.6 inch viewable) Curved Monitor (VG24VQER) – FHD, 180Hz, 1ms, DCI-P3 90%, Extreme Low Motion Blur Sync, FreeSync, Shadow Boost, Eye Care, DisplayWidget Center, 3yr Warranty",,4.6,https://m.media-amazon.com/images/I/71JJVTaZyuL._AC_UY218_.jpg
"Acer SH272 G0bih 27"" IPS Full HD (1920 x 1080) Ultra-Thin Gaming Office Monitor | Adaptive-Sync Support (FreeSync Compatible) | Up to 120Hz Refresh | 1ms (VRB) | Adjustable Stand | HDMI & VGA Ports",,4.6,https://m.media-amazon.com/images/I/719FEQFP1nL._AC_UY218_.jpg
"ASUS 24” (23.8-inch viewable) 1080P Eye Care Monitor (VA24EHF) - IPS, Full HD, Frameless, 100Hz, 1ms, Adaptive-Sync, for Working and Gaming, Low Blue Light, HDMI, VESA Mountable, Tilt, BLACK",,4.6,https://m.media-amazon.com/images/I/719XvPvIS9L._AC_UY218_.jpg
AOPEN By Acer 20E0Q bi 19.5-inch Professional HD+ (1600 x 900) Monitor | 75Hz Refresh Rate | VESA Mountable Eye Protection: BlueLight Filter & Flickerless Technology (1 x HDMI & VGA Port),,4.2,https://m.media-amazon.com/images/I/91lyLDhDJ7L._AC_UY218_.jpg
"AOC 24G15N 24 inch Gaming Monitor, Full HD 1920x1080, 180Hz 1ms, 1x HDMI 2.0, 1x Display Port, AMD FreeSync, 3-Sided Frameless, HDR Ready, Console Gaming Ready, 3-Year Zero-Bright-Dot",,4.5,https://m.media-amazon.com/images/I/81fTJcBME4L._AC_UY218_.jpg
LG 27US500-W Ultrafine Monitor 27-Inch 4K UHD (3840x2160) HDR10 IPS Borderless Design Reader Mode Flicker Safe Switch App HDMI DisplayPort - White,,4.4,https://m.media-amazon.com/images/I/71wcp5kFaWL._AC_UY218_.jpg
"acer KB272 G0bi 27"" IPS Full HD (1920 x 1080) Gaming Office Monitor | Adaptive-Sync Support (FreeSync Compatible) | Up to 120Hz Refresh | 1ms (VRB) | sRGB 99% | Tilt | HDMI & VGA Ports",,4.6,https://m.media-amazon.com/images/I/71e5GgPXQzL._AC_UY218_.jpg
"CRUA 24"" Curved Monitor, FHD (1920×1080) 2800R, 75Hz, 99% sRGB Computer Monitors, Thin Bezel, Blue Light Filter, Wall Mountable/Tilt Adjustable Desktop PC Monitors (HDMI, VGA) - Black",,4.5,https://m.media-amazon.com/images/I/71iPLBvHWNL._AC_UY218_.jpg
"P2 Lite Mini PC I5, Intel 12th Gen 12600H Mini Computers(12 Cores, 16 Threads) 16GB DDR4/512GB PCIe Gen 3.0 x4 M.2 2280 SSD Desktop PC Support Wi-Fi 6E/Bluetooth 5.2/Dual LAN",$299.99,3.9,https://m.media-amazon.com/images/I/71UKb6e5Q0L._AC_UY218_.jpg
"Laptop Screen Extender 14'' Triple Portable Monitor-360° Rotation F3 Laptop Monitor Extender Vertical with Stand,IPS FHD 1080P Workstation for Windows/Mac/Linux/Chrome Compatible with Laptop/Mini PC",,4.8,https://m.media-amazon.com/images/I/81MZRx6MD7L._AC_UY218_.jpg
"Philips 34E1C5600HE 34"" UltraWide QHD 21:9 Monitor with Built-in Windows Hello Webcam & Noise Canceling Mic, USB-C Docking, Stereo Speakers, 100Hz, 4-Year Advance Replacement",,4.4,https://m.media-amazon.com/images/I/61HNQYoiygL._AC_UY218_.jpg
"ASUS ROG Swift 32” 4K OLED Gaming Monitor (PG32UCDM) - UHD (3840 x 2160), QD-OLED, 240Hz, 0.03ms, G-SYNC Compatible, Custom Heatsink, Graphene Film, 99% DCI-P3, True 10-bit, 90W USB-C",,4.4,https://m.media-amazon.com/images/I/91t16+g29KL._AC_UY218_.jpg
"KTC 27 Inch QHD(2560 * 1440) 100Hz Computer Monitor - IPS Panel, Anti-Blue Light Screen, 100% High Color Gamut, 123% sRGB, Support FreeSync and GSync, PC Monitor for Casual Gaming and Working",,4.4,https://m.media-amazon.com/images/I/71v-HFN4d-L._AC_UY218_.jpg
"ASUS ROG Strix 27” 1440P OLED Gaming Monitor (XG27AQDMG) - QHD, Glossy OLED, 240Hz, 0.03ms, Custom Heatsink, Anti-Flicker,Uniform Brightness, G-SYNC Compatible, 99% DCI-P3, DisplayWidget,",,4.5,https://m.media-amazon.com/images/I/91eUkKyFCPL._AC_UY218_.jpg
"CRUA 24 Inch Curved Monitor, FHD(1920×1080P) 100HZ 120% sRGB Computer Monitors, Narrow Bezels on Three Sides, Blue Light Filter PC Monitor for Home, Office and Dormitory(HDMI, VGA)-White",,4.3,https://m.media-amazon.com/images/I/71XctzU-YAL._AC_UY218_.jpg
"Acer Nitro 27"" WQHD 2560 x 1440 PC Gaming Monitor | AMD FreeSync Premium | Up to 240Hz Refresh | Up to 0.5ms HDR350 | DCI-P3 90% | 1 x Display Port 1.4 & 2 x HDMI 2.1 | KG271U Xbmiipx",,4.2,https://m.media-amazon.com/images/I/71KMRlymC6L._AC_UY218_.jpg
"KTC 27 Inch QHD Computer Monitor, 2K 100Hz IPS Gaming Monitor, 1440P Frameless Eye Care PC Office Monitor with HDMI/DP, FreeSync & G-Sync, HDR10, VESA, Tilt Adjustable",,4.5,https://m.media-amazon.com/images/I/71DBxQ6HbUL._AC_UY218_.jpg
"SAMSUNG S33A Series 22-Inch FHD 1080p Computer Monitor, HDMI, VA Panel, Wideview Screen, Eye Saver /Game Mode (LS22A338NHNXZA), Black",,4.6,https://m.media-amazon.com/images/I/71HzQ-dvztL._AC_UY218_.jpg
"34 Inch Ultrawide Curved 144Hz Gaming Computer Monitor 1500R PC Screen 21:9 UWQHD (3440x1440),Adaptive Sync,178° Viewing Angle,HDMI、Display Port,Compatible with Wall mounting - Black",,4.2,https://m.media-amazon.com/images/I/71B-vKMMliL._AC_UY218_.jpg
"LXZ Curved 32 Inch Gaming Monitor 1500R, 2K QHD 180hz Frameless Display 99% sRGB, 178°Wide Viewing Angle, Display Port HDMI - Black",,3.9,https://m.media-amazon.com/images/I/61g1RxuAigL._AC_UY218_.jpg
"Portable Monitor, Ultra Slim 15.6 Inch FHD IPS Laptop Screen Extender with Adjustable Stand, USB C Compatible, Ideal for Travel and Office",,4.4,https://m.media-amazon.com/images/I/711XP6QXMXL._AC_UY218_.jpg
"KOORUI 24 inch Curved Monitor, Full HD 1080P Curved Computer Monitor, 1500R Screen, HDMI VGA, Tilt Adjustment, LCD Display, Eye Care, Black 24N5CA",,4.4,https://m.media-amazon.com/images/I/71Lyp+jyC3L._AC_UY218_.jpg
"Acer 27"" WQHD 2560 x 1440 1500R Curved PC Gaming Monitor | AMD FreeSync Premium | Up to 170Hz Refresh | 1ms VRB | VESA Mount | HDR10 | 1 x Display Port 1.2 & 2 x HDMI 2.0 | EDA270U Pbmiipx | Silver",,4.5,https://m.media-amazon.com/images/I/51juMJRoVUL._AC_UY218_.jpg
"Gaming Monitor 27 Inch QHD 1440P Computer Monitor 165Hz VA 1ms Built-in Speakers, FreeSync, Ultra-Thin PC Monitor, VESA Compatible, Tilt Adjustable, Liftable Stand, Eye Care, HDMI X2 /DP",,4.4,https://m.media-amazon.com/images/I/612-22eT3HL._AC_UY218_.jpg
"Acer Nitro 23.8"" Full HD PC IPS Gaming Monitor | AMD FreeSync Premium | 180Hz | Up to 0.5ms | Speakers | sRGB 99% | ErgoStand | VESA Mounting Compliant | 1 x DP 1.2 & 2 x HDMI 2.0 | XFA243Y M3bmiiprx",,4.4,https://m.media-amazon.com/images/I/71-elhzqpTL._AC_UY218_.jpg
"24 Inch Gaming Monitor with 165hz/144hz, IPS 1ms, FHD 1080p and HDR 10 | PC Computer Monitor with 105% sRGB, Bluelight Filter, 2 HDMI & 1 DP Port, Support Freesync and Wall Mounted",,4.4,https://m.media-amazon.com/images/I/71Gj122xuVL._AC_UY218_.jpg
"32 inch 2K QHD(2560×1440P) 165Hz Curved Gaming Monitor,PC Screen, 1ms，FreeSync, 98% sRGB，178° Wide Viewing Angle，DisplayPort、HDMI, Wall Mount Compatible 100 * 100MM Wall - Black",,4.2,https://m.media-amazon.com/images/I/81tXnykWDnL._AC_UY218_.jpg
"ASUS ROG Strix 27” 1440P OLED Gaming Monitor (XG27ACDNG) - QD-OLED, QHD (2560 x 1440), 360Hz, 0.03ms, Custom Heatsink, OLED Care+, G-SYNC Compatible, 99% DCI-P3, DisplayWidget, AI Gaming, 3yr warranty",,4.4,https://m.media-amazon.com/images/I/91M-PO0wxJL._AC_UY218_.jpg
"USB C Docking Station Dual Monitor HDMI Adapter for Dell HP Lenovo,Laptop Docking Station 3 Monitors USB C Hub Multiple Adapter Dongle with 2 HDMI 4K+VGA+100W PD Charger+3 USB Port+SD/TF Card Reader",,4.4,https://m.media-amazon.com/images/I/71GeL-xRJvL._AC_UY218_.jpg
"27inch Computer Monitor, FHD 1080p, 100Hz Office and Gaming Monitor, 3-Sided Frameless, Ultra Slim, VESA Mountable, Anti-Blue Light Design, HDMI, VGA,",,4.4,https://m.media-amazon.com/images/I/71gTppOkvqL._AC_UY218_.jpg
