title,score,comments
Will Scotland hit its interim child poverty targets? | FAI,â€¢,comment
Need some user feedback!,â€¢,comment
Salahs Archery - shady company practices,â€¢,comment
"Tailor your task management, project tracking, and workflow visualization to your preferences.",â€¢,0 comments
What was your first experience with friends like?,â€¢,comment
I Built a qBittorrent Discord Bot â€“ Open Source & Free to Use! ðŸš€,â€¢,comment
Got this text from ICAI. What AK I supposed to do?,â€¢,1 comment
What makes more sense,â€¢,comment
"Human Frailty, Oil on Canvas, Salvator Rosa, 1656.",â€¢,comment
Receiving Grades,â€¢,comment
What do I invest in from here?,â€¢,comment
Favorite rivalry?,â€¢,comment
"New Rules File Backdoor attack lets hackers poison AI-powered tools like GitHub Copilot & Cursor, injecting hidden malicious code into projects.",â€¢,comment
Android Mobile Drawing Tracing App,â€¢,comment
Cheap Thermal Mini Printer!,â€¢,comment
What is this?,â€¢,comment
"Turkish Witcher ""Ertugrul of Ulukayin"" | Q2-2025 Steam Release | Wishlist now!",0,0 comments
Legendary wepons,â€¢,comment
Conor McGregor bejelentette: indul az elnÃ¶kvÃ¡lasztÃ¡son!,â€¢,comment
Was told my fluffy pittie belonged here,â€¢,comment
Sorry again!,â€¢,comment
what did toby mean by this?,â€¢,comment
Should I buy my Travis Scott reverse olives from BOOST350 OR TRADESPORTMARKET(TSM),â€¢,1 comment
Soldier's body missing since Jaffar Express attack,â€¢,comment
"ðŸ“¢ Citi is hiring a Director, Global Head of KYC Policy & Standards (Hybrid)!",â€¢,comment
"[Local] - CTA, Metra, Pace face 'draconian' service cuts in new worst-case scenario laid out by agencies | Chicago Sun-Times",â€¢,comment
[Entertainment] - Dear Abby: Husband celebrates while I sit alone by the restrooms | Chicago Sun-Times,â€¢,comment
